{
    "subject": "P",
    "task": "Training4",
    "repetition": "2",
    "assisted": false,
    "assistance": 1.0,
    "time": 35.249000000000024,
    "missexchanges": 0.0,
    "clutch_time": 0.0,
    "avg_dist": 0.0021882821239923925,
    "avg_angle": 18.90640705089542,
    "avg_force": 0.1390399207062297,
    "avg_torque": 0.008728522591892846
}