{
    "subject": "D",
    "task": "Training4",
    "repetition": "7",
    "assisted": true,
    "assistance": 0.5,
    "time": 41.77719999999999,
    "missexchanges": 0.0,
    "clutch_time": 0.0702070207020702,
    "avg_dist": 0.002701177302365411,
    "avg_angle": 12.442879696908793,
    "avg_force": 0.12471958716468727,
    "avg_torque": 0.006384831488584825
}