{
    "subject": "D",
    "task": "Training4",
    "repetition": "11",
    "assisted": true,
    "assistance": 0.25,
    "time": 39.19989999999996,
    "missexchanges": 0.0,
    "clutch_time": 0.0588703261734288,
    "avg_dist": 0.0016917212368153516,
    "avg_angle": 21.458533298528515,
    "avg_force": 0.08891355942911534,
    "avg_torque": 0.007201063504971253
}