{
    "subject": "P",
    "task": "Training4",
    "repetition": "3",
    "assisted": false,
    "assistance": 0.75,
    "time": 48.734999999999985,
    "missexchanges": 0.0,
    "clutch_time": 0.03619197482297404,
    "avg_dist": 0.0017349154189149833,
    "avg_angle": 15.707074473243336,
    "avg_force": 0.09713099543416008,
    "avg_torque": 0.007414735668056271
}