idx,subject,task,repetition,assisted,assistance,time,clutch_time,avg_dist,avg_force
32,N,Nephrectomy,0,True,1.0,5.25709999999998,0.0,0.0225153421659658,1.499999995343071
48,N,Nephrectomy,0,True,1.0,5.25709999999998,0.0,0.0225153421659658,1.499999995343071
56,N,Nephrectomy,0,True,1.0,5.25709999999998,0.0,0.0225153421659658,1.499999995343071
64,N,Nephrectomy,0,True,1.0,5.25709999999998,0.0,0.0225153421659658,1.499999995343071
64,N,Nephrectomy,0,True,1.0,5.25709999999998,0.0,0.022515342165965874,1.499999995343071
