idx,subject,task,repetition,assisted,assistance,time,avg_dist,avg_force
0,K,Training1,0,True,1.0,19.45949,0.0015645297385155,0.0979377543274865
0,K,Training1,0,True,1.0,19.45949,0.0015645297385155,0.0979377543274865
4,V,Training1,0,True,1.0,24.561800000000005,0.0063566170665103,0.4902381252110768
5,V,Training1,1,True,1.0,19.867000000000075,0.0043867139595216,0.4497696527488047
6,V,Training1,2,True,1.0,19.89569999999992,0.001972788767664219,0.19362569792181358
