idx,subject,task,repetition,assisted,assistance,time,avg_dist,avg_force
1,K,Training2,0,True,1.0,20.25921,0.0024643732841692,0.0921306338312232
1,K,Training2,0,True,1.0,20.25921,0.0024643732841692,0.0921306338312232
7,V,Training2,0,True,1.0,216.1788,0.0152262922975278,1.3028458957167055
8,V,Training2,1,True,1.0,43.65089999999998,0.00709338637448,1.062100950925526
9,V,Training2,2,True,1.0,40.297199999999975,0.005065692918194866,0.7481946876621345
