idx,subject,task,repetition,assisted,assistance,time,avg_dist,avg_force
2,K,Training3,0,True,1.0,10.351119999999996,0.0044756557885112,0.1680347716052322
2,K,Training3,0,True,1.0,10.351119999999996,0.0044756557885112,0.1680347716052322
10,V,Training3,0,True,1.0,31.362599999999983,0.0056374780392623,0.0017618739367514
11,V,Training3,1,True,1.0,24.1721,0.0048870928043603,0.0054598530427227
12,V,Training3,2,True,1.0,21.231200000000058,0.005267262962973391,0.002529459331694785
