idx,subject,task,repetition,assisted,assistance,time,missexchanges,clutch_time,avg_dist,avg_angle,avg_force,avg_torque
3,K,Training4,0,True,1.0,18.5386,0.0,0.0,0.0020785338450394,12.717899155970946,0.1120407070785037,0.0062200232226203
3,K,Training4,0,True,1.0,18.5386,0.0,0.0,0.0020785338450394,12.717899155970946,0.1120407070785037,0.0062200232226203
13,V,Training4,0,True,1.0,29.546999999999912,0.0,0.0,0.0029155068134552,47.56709978579048,0.2481492328838543,0.0074045610989505
14,V,Training4,1,True,1.0,21.80129999999997,0.0,0.0,0.0026539776110446,28.39466425937161,0.3253352946490599,0.0072716919327733
15,V,Training4,2,True,1.0,78.56389999999999,0.0,0.0,0.0038125655382198987,31.334197336070744,0.2146077280320181,0.003771978980321436
