{
    "subject": "I",
    "task": "LiverResection",
    "repetition": "0",
    "assisted": false,
    "assistance": 0.0,
    "time": 21.438699999999983,
    "clutch_time": 0.0,
    "avg_dist": 0.0038502377508932793,
    "avg_angle": 4.975726644621962,
    "avg_force": 0.2240671297708019,
    "avg_torque": 0.0
}