{
    "subject": "A",
    "task": "Training4",
    "repetition": "9",
    "assisted": false,
    "assistance": 0.25,
    "time": 13.181839999999994,
    "missexchanges": 0.0,
    "clutch_time": 0.0,
    "avg_dist": 0.0018752725876395628,
    "avg_angle": 20.069007015753673,
    "avg_force": 0.20083213203524647,
    "avg_torque": 0.007122986736301787
}