{
    "subject": "D",
    "task": "Suturing",
    "repetition": "0",
    "assisted": false,
    "assistance": 0.0,
    "time": 52.712900000000005,
    "missexchanges": 0.0,
    "clutch_time": 0.048701298701298704,
    "avg_dist": 0.004889922363112585,
    "avg_angle": 37.096804925204395,
    "avg_force": 0.2410608532949454,
    "avg_torque": 0.006672432480347181
}