{
    "subject": "P",
    "task": "Training4",
    "repetition": "5",
    "assisted": false,
    "assistance": 0.75,
    "time": 40.85179999999997,
    "missexchanges": 1.0,
    "clutch_time": 0.0,
    "avg_dist": 0.0024324714270827067,
    "avg_angle": 13.375863930401371,
    "avg_force": 0.13825065848326784,
    "avg_torque": 0.00613230338990224
}