{
    "subject": "A",
    "task": "Training4",
    "repetition": "6",
    "assisted": false,
    "assistance": 0.5,
    "time": 15.791300000000007,
    "missexchanges": 0.0,
    "clutch_time": 0.0,
    "avg_dist": 0.002390555771203718,
    "avg_angle": 23.410394267647593,
    "avg_force": 0.19174891714209263,
    "avg_torque": 0.008786499889092789
}