{
    "subject": "I",
    "task": "Training4",
    "repetition": "2",
    "assisted": true,
    "assistance": 1.0,
    "time": 37.650999999999954,
    "missexchanges": 0.0,
    "clutch_time": 0.0,
    "avg_dist": 0.0017688960792703848,
    "avg_angle": 11.994407569711978,
    "avg_force": 0.10162387099969024,
    "avg_torque": 0.004760837180010022
}