{
    "subject": "P",
    "task": "Training4",
    "repetition": "1",
    "assisted": false,
    "assistance": 1.0,
    "time": 38.47789999999998,
    "missexchanges": 0.0,
    "clutch_time": 0.0,
    "avg_dist": 0.0021562929262604618,
    "avg_angle": 26.68658685925375,
    "avg_force": 0.1333316683187602,
    "avg_torque": 0.008748737181017449
}