{
    "subject": "S",
    "task": "Training4",
    "repetition": "10",
    "assisted": false,
    "assistance": 0.25,
    "time": 28.953399999999988,
    "missexchanges": 0.0,
    "clutch_time": 0.0,
    "avg_dist": 0.0025019237642917463,
    "avg_angle": 37.51180876730597,
    "avg_force": 0.26929221890807653,
    "avg_torque": 0.007371980138691289
}