{
    "subject": "V",
    "task": "Training4",
    "repetition": "9",
    "assisted": true,
    "assistance": 0.25,
    "time": 28.51430000000005,
    "missexchanges": 2.0,
    "clutch_time": 0.0,
    "avg_dist": 0.0017460358598553325,
    "avg_angle": 9.739846248265595,
    "avg_force": 0.09637388637864085,
    "avg_torque": 0.005593833710255273
}