{
    "subject": "V",
    "task": "LiverResection",
    "repetition": "0",
    "assisted": false,
    "assistance": 0.0,
    "time": 21.40519999999998,
    "clutch_time": 0.0,
    "avg_dist": 0.0041910203454601285,
    "avg_angle": 17.10863033601078,
    "avg_force": 0.20208988827740487,
    "avg_torque": 0.0
}