{
    "subject": "S",
    "task": "Training4",
    "repetition": "9",
    "assisted": false,
    "assistance": 0.25,
    "time": 32.846900000000005,
    "missexchanges": 0.0,
    "clutch_time": 0.0,
    "avg_dist": 0.0018690743422981346,
    "avg_angle": 22.61381248334217,
    "avg_force": 0.1542377386231246,
    "avg_torque": 0.0077104683140307925
}