{
    "subject": "G",
    "task": "Suturing",
    "repetition": "1",
    "assisted": false,
    "assistance": 0.0,
    "time": 26.017499999999984,
    "missexchanges": 1.0,
    "clutch_time": 0.0,
    "avg_dist": 0.004944621523090112,
    "avg_angle": 22.770142230411448,
    "avg_force": 0.23817941661587202,
    "avg_torque": 0.008327060058671842
}