{
    "subject": "A",
    "task": "LiverResection",
    "repetition": "0",
    "assisted": false,
    "assistance": 0.0,
    "time": 10.57685,
    "clutch_time": 0.0,
    "avg_dist": 0.004839284490026079,
    "avg_angle": 8.355951253943669,
    "avg_force": 0.3284134161225048,
    "avg_torque": 0.0
}