{
    "subject": "S",
    "task": "Training4",
    "repetition": "1",
    "assisted": false,
    "assistance": 1.0,
    "time": 25.56220000000002,
    "missexchanges": 0.0,
    "clutch_time": 0.0,
    "avg_dist": 0.003883774740213457,
    "avg_angle": 51.59964314791524,
    "avg_force": 0.4542990862895552,
    "avg_torque": 0.007698627947096471
}