{
    "subject": "S",
    "task": "Training4",
    "repetition": "8",
    "assisted": false,
    "assistance": 0.43412189254210104,
    "time": 39.721900000000005,
    "missexchanges": 0.0,
    "clutch_time": 0.0,
    "avg_dist": 0.0018668408366078757,
    "avg_angle": 53.12448476091732,
    "avg_force": 0.14595935345502403,
    "avg_torque": 0.006070329280380829
}