{
    "subject": "P",
    "task": "LiverResection",
    "repetition": "0",
    "assisted": false,
    "assistance": 0.0,
    "time": 27.268899999999974,
    "clutch_time": 0.0,
    "avg_dist": 0.003800774947647262,
    "avg_angle": 9.496531756574267,
    "avg_force": 0.2201106995408013,
    "avg_torque": 0.0
}