{
    "subject": "V",
    "task": "Training4",
    "repetition": "7",
    "assisted": true,
    "assistance": 0.5,
    "time": 25.158299999999997,
    "missexchanges": 0.0,
    "clutch_time": 0.0,
    "avg_dist": 0.001799430958502679,
    "avg_angle": 12.98649866049061,
    "avg_force": 0.1565834831936823,
    "avg_torque": 0.005318959990121937
}