{
    "subject": "P",
    "task": "Training4",
    "repetition": "10",
    "assisted": false,
    "assistance": 0.25,
    "time": 10.332070000000002,
    "missexchanges": 0.0,
    "clutch_time": 0.0,
    "avg_dist": 0.0028596955181634316,
    "avg_angle": 24.172508700946167,
    "avg_force": 0.36482056505237354,
    "avg_torque": 0.00788879736285082
}