{
    "subject": "A",
    "task": "Suturing",
    "repetition": "2",
    "assisted": false,
    "assistance": 0.0,
    "time": 12.861099999999993,
    "missexchanges": 0.0,
    "clutch_time": 0.0,
    "avg_dist": 0.005982658069302397,
    "avg_angle": 26.577459167407113,
    "avg_force": 0.3731692128873461,
    "avg_torque": 0.007598601231757659
}