{
    "subject": "S",
    "task": "Training4",
    "repetition": "5",
    "assisted": false,
    "assistance": 0.75,
    "time": 30.379820000000002,
    "missexchanges": 0.0,
    "clutch_time": 0.0,
    "avg_dist": 0.0022040645826045995,
    "avg_angle": 39.023052457079615,
    "avg_force": 0.18577665849489147,
    "avg_torque": 0.007901777125097284
}