{
    "subject": "A",
    "task": "Training4",
    "repetition": "1",
    "assisted": false,
    "assistance": 1.0,
    "time": 18.364100000000008,
    "missexchanges": 0.0,
    "clutch_time": 0.0,
    "avg_dist": 0.003080762147245163,
    "avg_angle": 24.84147605593021,
    "avg_force": 0.3198835975138316,
    "avg_torque": 0.008195016542543397
}