{
    "subject": "P",
    "task": "Suturing",
    "repetition": "1",
    "assisted": false,
    "assistance": 0.0,
    "time": 51.00959999999998,
    "missexchanges": 0.0,
    "clutch_time": 0.0,
    "avg_dist": 0.0038014440446609787,
    "avg_angle": 16.03477197352904,
    "avg_force": 0.2671828310731413,
    "avg_torque": 0.007152775811920314
}