{
    "subject": "D",
    "task": "LiverResection",
    "repetition": "1",
    "assisted": false,
    "assistance": 0.0,
    "time": 35.75449999999995,
    "clutch_time": 0.16184971098265896,
    "avg_dist": 0.004596538098343392,
    "avg_angle": 10.486367679771513,
    "avg_force": 0.18717683421967876,
    "avg_torque": 0.0
}