{
    "subject": "A",
    "task": "LiverResection",
    "repetition": "1",
    "assisted": false,
    "assistance": 0.0,
    "time": 10.456999999999994,
    "clutch_time": 0.0,
    "avg_dist": 0.008181776124875749,
    "avg_angle": 9.930831165948048,
    "avg_force": 0.5198585762752754,
    "avg_torque": 0.0
}