{
    "subject": "A",
    "task": "LiverResection",
    "repetition": "2",
    "assisted": false,
    "assistance": 0.0,
    "time": 9.010199999999998,
    "clutch_time": 0.0,
    "avg_dist": 0.007010369982768396,
    "avg_angle": 16.406551433840992,
    "avg_force": 0.5255419139025446,
    "avg_torque": 0.0
}