{
    "subject": "D",
    "task": "Training4",
    "repetition": "2",
    "assisted": true,
    "assistance": 1.0,
    "time": 71.31500000000005,
    "missexchanges": 0.0,
    "clutch_time": 0.1870967741935484,
    "avg_dist": 0.0014488305137574278,
    "avg_angle": 24.184632216032863,
    "avg_force": 0.06779216853041138,
    "avg_torque": 0.00649636447993056
}