{
    "subject": "I",
    "task": "LiverResection",
    "repetition": "1",
    "assisted": false,
    "assistance": 0.0,
    "time": 18.1327,
    "clutch_time": 0.0,
    "avg_dist": 0.003462771805182529,
    "avg_angle": 5.2549984100014475,
    "avg_force": 0.13138525041105706,
    "avg_torque": 0.0
}