{
    "subject": "S",
    "task": "Training4",
    "repetition": "6",
    "assisted": false,
    "assistance": 0.5,
    "time": 19.450739999999996,
    "missexchanges": 0.0,
    "clutch_time": 0.0,
    "avg_dist": 0.002460105477167125,
    "avg_angle": 37.2901011485368,
    "avg_force": 0.2591216620961785,
    "avg_torque": 0.007797635317457678
}