{
    "subject": "D",
    "task": "Training4",
    "repetition": "1",
    "assisted": true,
    "assistance": 1.0,
    "time": 54.27080000000001,
    "missexchanges": 1.0,
    "clutch_time": 0.0,
    "avg_dist": 0.0031337330790599974,
    "avg_angle": 20.34630778969497,
    "avg_force": 0.326340678330308,
    "avg_torque": 0.007626722614342602
}