{
    "subject": "P",
    "task": "Training4",
    "repetition": "9",
    "assisted": false,
    "assistance": 0.25,
    "time": 8.095410000000001,
    "missexchanges": 0.0,
    "clutch_time": 0.0,
    "avg_dist": 0.003702545221385761,
    "avg_angle": 20.591464797664393,
    "avg_force": 0.5322782206538477,
    "avg_torque": 0.007182084114040557
}