{
    "subject": "G",
    "task": "Suturing",
    "repetition": "0",
    "assisted": false,
    "assistance": 0.0,
    "time": 36.14429999999999,
    "missexchanges": 0.0,
    "clutch_time": 0.0,
    "avg_dist": 0.005141364697456612,
    "avg_angle": 29.397550372402836,
    "avg_force": 0.2209044811938251,
    "avg_torque": 0.006895018060631103
}