{
    "subject": "G",
    "task": "LiverResection",
    "repetition": "1",
    "assisted": false,
    "assistance": 0.0,
    "time": 13.059900000000027,
    "clutch_time": 0.0,
    "avg_dist": 0.00401622652916481,
    "avg_angle": 9.89077060634469,
    "avg_force": 0.24245879411742,
    "avg_torque": 0.0
}