{
    "subject": "V",
    "task": "Training4",
    "repetition": "3",
    "assisted": true,
    "assistance": 0.75,
    "time": 60.15869999999998,
    "missexchanges": 2.0,
    "clutch_time": 0.04985754985754986,
    "avg_dist": 0.00401180148017929,
    "avg_angle": 17.28506184723721,
    "avg_force": 0.3637987701816181,
    "avg_torque": 0.0047013633366804215
}