{
    "subject": "G",
    "task": "LiverResection",
    "repetition": "2",
    "assisted": false,
    "assistance": 0.0,
    "time": 18.075199999999995,
    "clutch_time": 0.0,
    "avg_dist": 0.0032421045106358205,
    "avg_angle": 7.399770228581884,
    "avg_force": 0.08789910408046347,
    "avg_torque": 0.0
}