{
    "subject": "P",
    "task": "Training4",
    "repetition": "11",
    "assisted": false,
    "assistance": 0.25,
    "time": 12.095499999999987,
    "missexchanges": 0.0,
    "clutch_time": 0.0,
    "avg_dist": 0.002885999439926111,
    "avg_angle": 21.855392228115317,
    "avg_force": 0.3792786028932277,
    "avg_torque": 0.007313950133979275
}