{
    "subject": "D",
    "task": "Training4",
    "repetition": "9",
    "assisted": true,
    "assistance": 0.25,
    "time": 37.5154,
    "missexchanges": 0.0,
    "clutch_time": 0.031224322103533278,
    "avg_dist": 0.0021512868731213323,
    "avg_angle": 23.6464301663456,
    "avg_force": 0.1182089313806336,
    "avg_torque": 0.008525528947617721
}