{
    "subject": "P",
    "task": "Training4",
    "repetition": "4",
    "assisted": false,
    "assistance": 0.75,
    "time": 28.151700000000005,
    "missexchanges": 0.0,
    "clutch_time": 0.0,
    "avg_dist": 0.001998693766607119,
    "avg_angle": 16.73306125948571,
    "avg_force": 0.12159660186366729,
    "avg_torque": 0.007803053580533968
}