{
    "subject": "S",
    "task": "Training4",
    "repetition": "0",
    "assisted": false,
    "assistance": 1.0,
    "time": 45.30599999999998,
    "missexchanges": 0.0,
    "clutch_time": 0.0,
    "avg_dist": 0.0045821472152168955,
    "avg_angle": 35.99766994612685,
    "avg_force": 0.446172189891114,
    "avg_torque": 0.0074986769181548275
}