{
    "subject": "I",
    "task": "Training4",
    "repetition": "11",
    "assisted": true,
    "assistance": 0.25,
    "time": 62.313699999999926,
    "missexchanges": 0.0,
    "clutch_time": 0.0,
    "avg_dist": 0.0018227124163194546,
    "avg_angle": 15.146277906300389,
    "avg_force": 0.11717015234460229,
    "avg_torque": 0.006185852744490081
}