{
    "subject": "I",
    "task": "Training4",
    "repetition": "6",
    "assisted": true,
    "assistance": 0.5,
    "time": 27.707184,
    "missexchanges": 0.0,
    "clutch_time": 0.0,
    "avg_dist": 0.0033703382500713864,
    "avg_angle": 25.234440912537593,
    "avg_force": 0.48260208548285627,
    "avg_torque": 0.007939029963523421
}