{
    "subject": "V",
    "task": "Training4",
    "repetition": "11",
    "assisted": true,
    "assistance": 0.25,
    "time": 42.355999999999995,
    "missexchanges": 3.0,
    "clutch_time": 0.0,
    "avg_dist": 0.002651357916921503,
    "avg_angle": 12.007445764000556,
    "avg_force": 0.3239497253664377,
    "avg_torque": 0.004799585649927414
}