{
    "subject": "I",
    "task": "LiverResection",
    "repetition": "2",
    "assisted": false,
    "assistance": 0.0,
    "time": 18.898599999999988,
    "clutch_time": 0.0,
    "avg_dist": 0.0028672083894482384,
    "avg_angle": 5.833236483126659,
    "avg_force": 0.13970522537961433,
    "avg_torque": 0.0
}