{
    "subject": "P",
    "task": "Training4",
    "repetition": "6",
    "assisted": false,
    "assistance": 0.5,
    "time": 32.43420000000003,
    "missexchanges": 0.0,
    "clutch_time": 0.0,
    "avg_dist": 0.003007556318387811,
    "avg_angle": 14.808781530154409,
    "avg_force": 0.3472869882567326,
    "avg_torque": 0.008118817070054575
}