{
    "subject": "A",
    "task": "Training4",
    "repetition": "2",
    "assisted": false,
    "assistance": 1.0,
    "time": 15.125099999999975,
    "missexchanges": 0.0,
    "clutch_time": 0.0,
    "avg_dist": 0.004807455865367634,
    "avg_angle": 21.41871772000555,
    "avg_force": 0.686668437972675,
    "avg_torque": 0.008252999595187077
}