{
    "subject": "A",
    "task": "Training4",
    "repetition": "7",
    "assisted": false,
    "assistance": 0.5,
    "time": 18.4418,
    "missexchanges": 0.0,
    "clutch_time": 0.0,
    "avg_dist": 0.00323151154054179,
    "avg_angle": 21.597699815932994,
    "avg_force": 0.3383205387424154,
    "avg_torque": 0.007380514144361299
}