{
    "subject": "V",
    "task": "Training4",
    "repetition": "5",
    "assisted": true,
    "assistance": 0.75,
    "time": 28.477700000000027,
    "missexchanges": 0.0,
    "clutch_time": 0.0,
    "avg_dist": 0.0018268558999760562,
    "avg_angle": 35.1517155978567,
    "avg_force": 0.16001736681957415,
    "avg_torque": 0.008362871734086964
}