{
    "subject": "S",
    "task": "Training4",
    "repetition": "11",
    "assisted": false,
    "assistance": 0.25,
    "time": 77.71780000000001,
    "missexchanges": 0.0,
    "clutch_time": 0.0,
    "avg_dist": 0.001563027945223775,
    "avg_angle": 24.34272362224838,
    "avg_force": 0.13647279865954723,
    "avg_torque": 0.00471564302151192
}