{
    "subject": "I",
    "task": "Training4",
    "repetition": "0",
    "assisted": true,
    "assistance": 1.0,
    "time": 33.996699999999976,
    "missexchanges": 0.0,
    "clutch_time": 0.0,
    "avg_dist": 0.002447333528697298,
    "avg_angle": 28.12082221426923,
    "avg_force": 0.1769011743491287,
    "avg_torque": 0.0073907080463554205
}