{
    "subject": "P",
    "task": "Training4",
    "repetition": "0",
    "assisted": false,
    "assistance": 1.0,
    "time": 53.984500000000025,
    "missexchanges": 0.0,
    "clutch_time": 0.0,
    "avg_dist": 0.003942422383153532,
    "avg_angle": 19.207153688213467,
    "avg_force": 0.39885990391607623,
    "avg_torque": 0.006620679112090582
}