{
    "subject": "A",
    "task": "Training4",
    "repetition": "11",
    "assisted": false,
    "assistance": 0.25,
    "time": 12.878299999999996,
    "missexchanges": 1.0,
    "clutch_time": 0.0,
    "avg_dist": 0.0022895466451310965,
    "avg_angle": 23.53304457079449,
    "avg_force": 0.2730263362744976,
    "avg_torque": 0.00628049806730573
}