{
    "subject": "D",
    "task": "Training4",
    "repetition": "10",
    "assisted": true,
    "assistance": 0.25,
    "time": 33.307000000000016,
    "missexchanges": 0.0,
    "clutch_time": 0.0,
    "avg_dist": 0.0024957280924420076,
    "avg_angle": 38.681072702435735,
    "avg_force": 0.23774519958287613,
    "avg_torque": 0.008143032156432962
}