{
    "subject": "A",
    "task": "Suturing",
    "repetition": "1",
    "assisted": false,
    "assistance": 0.0,
    "time": 13.457300000000004,
    "missexchanges": 1.0,
    "clutch_time": 0.0,
    "avg_dist": 0.009168717698381058,
    "avg_angle": 30.295878394160678,
    "avg_force": 0.44977983476290534,
    "avg_torque": 0.008154320824878348
}