{
    "subject": "V",
    "task": "LiverResection",
    "repetition": "2",
    "assisted": false,
    "assistance": 0.0,
    "time": 10.823300000000017,
    "clutch_time": 0.0,
    "avg_dist": 0.0034643372616171867,
    "avg_angle": 10.156489453893489,
    "avg_force": 0.091089524923687,
    "avg_torque": 0.0
}