{
    "subject": "V",
    "task": "Suturing",
    "repetition": "0",
    "assisted": false,
    "assistance": 0.0,
    "time": 20.45550000000003,
    "missexchanges": 1.0,
    "clutch_time": 0.0,
    "avg_dist": 0.006558376835588946,
    "avg_angle": 46.23648449587421,
    "avg_force": 0.39215689520862346,
    "avg_torque": 0.007595153559422991
}