{
    "subject": "G",
    "task": "Suturing",
    "repetition": "2",
    "assisted": false,
    "assistance": 0.0,
    "time": 33.48929999999996,
    "missexchanges": 0.0,
    "clutch_time": 0.0,
    "avg_dist": 0.004759313071141952,
    "avg_angle": 23.079284045500007,
    "avg_force": 0.22713819604863728,
    "avg_torque": 0.008062223682738416
}