{
    "subject": "V",
    "task": "Suturing",
    "repetition": "1",
    "assisted": false,
    "assistance": 0.0,
    "time": 28.27129999999994,
    "missexchanges": 3.0,
    "clutch_time": 0.0,
    "avg_dist": 0.008645273074880899,
    "avg_angle": 43.909327843367244,
    "avg_force": 0.35424885881111207,
    "avg_torque": 0.007163148407232233
}