{
    "subject": "I",
    "task": "Training4",
    "repetition": "8",
    "assisted": true,
    "assistance": 0.5,
    "time": 31.096100000000007,
    "missexchanges": 0.0,
    "clutch_time": 0.0,
    "avg_dist": 0.001910407023716917,
    "avg_angle": 14.734715992480362,
    "avg_force": 0.13150426670591212,
    "avg_torque": 0.0063269124568141885
}