{
    "subject": "V",
    "task": "Training4",
    "repetition": "10",
    "assisted": true,
    "assistance": 0.25,
    "time": 61.76969999999994,
    "missexchanges": 3.0,
    "clutch_time": 0.050617283950617285,
    "avg_dist": 0.0013573210015776307,
    "avg_angle": 7.449157159526,
    "avg_force": 0.0941367891367618,
    "avg_torque": 0.00127447392841901
}