{
    "subject": "S",
    "task": "Training4",
    "repetition": "7",
    "assisted": false,
    "assistance": 0.5,
    "time": 27.535899999999998,
    "missexchanges": 0.0,
    "clutch_time": 0.0,
    "avg_dist": 0.002256719893111265,
    "avg_angle": 38.625215692573896,
    "avg_force": 0.24535768457130555,
    "avg_torque": 0.008096610471455205
}