{
    "subject": "I",
    "task": "Training4",
    "repetition": "4",
    "assisted": true,
    "assistance": 0.75,
    "time": 19.543900000000008,
    "missexchanges": 0.0,
    "clutch_time": 0.0,
    "avg_dist": 0.002637766388774659,
    "avg_angle": 18.318711067471963,
    "avg_force": 0.23093539927327736,
    "avg_torque": 0.008448025220496248
}