{
    "subject": "A",
    "task": "Training4",
    "repetition": "3",
    "assisted": false,
    "assistance": 0.75,
    "time": 28.060600000000008,
    "missexchanges": 1.0,
    "clutch_time": 0.0,
    "avg_dist": 0.006955471179417909,
    "avg_angle": 18.072384907292346,
    "avg_force": 0.7716419215608635,
    "avg_torque": 0.008097761018763357
}