{
    "subject": "I",
    "task": "Suturing",
    "repetition": "2",
    "assisted": false,
    "assistance": 0.0,
    "time": 34.97360000000003,
    "missexchanges": 0.0,
    "clutch_time": 0.0,
    "avg_dist": 0.004117522110368464,
    "avg_angle": 25.027012243205515,
    "avg_force": 0.283272918890332,
    "avg_torque": 0.008699648555249396
}