{
    "subject": "V",
    "task": "Training4",
    "repetition": "8",
    "assisted": true,
    "assistance": 0.39112054329371815,
    "time": 112.2518,
    "missexchanges": 1.0,
    "clutch_time": 0.0,
    "avg_dist": 0.0011153386494526824,
    "avg_angle": 18.885951794100766,
    "avg_force": 0.05377356349512432,
    "avg_torque": 0.0032887004691356326
}