{
    "subject": "D",
    "task": "LiverResection",
    "repetition": "0",
    "assisted": false,
    "assistance": 0.0,
    "time": 34.175489999999996,
    "clutch_time": 0.14903846153846154,
    "avg_dist": 0.004233120199695148,
    "avg_angle": 6.897411804146845,
    "avg_force": 0.22402572777451843,
    "avg_torque": 0.0
}