{
    "subject": "V",
    "task": "Training4",
    "repetition": "4",
    "assisted": true,
    "assistance": 0.75,
    "time": 32.860299999999995,
    "missexchanges": 0.0,
    "clutch_time": 0.0,
    "avg_dist": 0.003169027063440601,
    "avg_angle": 25.40341564022083,
    "avg_force": 0.2883705678154356,
    "avg_torque": 0.008011512320245637
}