{
    "subject": "S",
    "task": "Training4",
    "repetition": "4",
    "assisted": false,
    "assistance": 0.75,
    "time": 18.100499999999982,
    "missexchanges": 0.0,
    "clutch_time": 0.059322033898305086,
    "avg_dist": 0.005608620197707439,
    "avg_angle": 49.957478435610014,
    "avg_force": 0.6913707716160958,
    "avg_torque": 0.008606166431809342
}