{
    "subject": "P",
    "task": "LiverResection",
    "repetition": "2",
    "assisted": false,
    "assistance": 0.0,
    "time": 27.39390000000003,
    "clutch_time": 0.0,
    "avg_dist": 0.00878702826447437,
    "avg_angle": 16.876604181974272,
    "avg_force": 0.4931488321447188,
    "avg_torque": 0.0
}