{
    "subject": "A",
    "task": "Training4",
    "repetition": "0",
    "assisted": false,
    "assistance": 1.0,
    "time": 28.178169999999994,
    "missexchanges": 0.0,
    "clutch_time": 0.0,
    "avg_dist": 0.0030805888809587703,
    "avg_angle": 34.92777251710859,
    "avg_force": 0.3927778214057912,
    "avg_torque": 0.008388361449928541
}