{
    "subject": "D",
    "task": "Training4",
    "repetition": "6",
    "assisted": true,
    "assistance": 0.5,
    "time": 42.11639999999997,
    "missexchanges": 0.0,
    "clutch_time": 0.12067435669920142,
    "avg_dist": 0.0015852406155283667,
    "avg_angle": 11.867226947992071,
    "avg_force": 0.0718288693105988,
    "avg_torque": 0.006662121166751308
}