{
    "subject": "V",
    "task": "LiverResection",
    "repetition": "1",
    "assisted": false,
    "assistance": 0.0,
    "time": 16.322299999999984,
    "clutch_time": 0.0,
    "avg_dist": 0.005146848881100317,
    "avg_angle": 10.40387371832562,
    "avg_force": 0.25999052567424535,
    "avg_torque": 0.0
}